id,en,nl,en_aliases,nl_aliases
"redcurrant","redcurrant","aalbessen","red currant","rode bes"
"potato","potato","aardappel","potatoes","aardappelen"
"potato-flour","potato flour","aardappelmeel","",""
"strawberry","strawberry","aardbei","strawberries","aardbeien"
"apricot","apricot","abrikoos","","abrikozen"
"acacia-honey","acacia honey","acaciahoning","",""
"acai-juice","acai juice","acaisap","",""
"adzuki-bean","Adzuki bean","adukiboon","azuki bean",""
"agar","agar","agar","agar-agar|agar agar","agar-agar"
"maple-syrup","maple syrup","ahornsiroop","",""
"alaska-pollock","alaska pollock","Alaskakoolvis","Alaskan pollock|Theragra chalcogramma","alaskapollak|Alaska koolvis"
"alfalfa-seeds","alfalfa seeds","alfalfa zaad","",""
"almond","almond","amandel","almonds|almond kernel|mamra giri|badaam giri|Raw almond kernels","amandelen|krokante amandelen|bruine amandelen|bruine amandel"
"almond-milk","almond milk","amandelmelk","",""
"almond-oil","almond oil","amandelolie","",""
"amaranth","amaranth","amaranth","","amarant"
"amaranth-flour","amaranth flour","amaranthmeel","","amarant gemalen"
"pineapple","pineapple","ananas","ananas",""
"andijvie","curly endive","andijvie","frisee|endive",""
"aniseed-oil","aniseed oil","anijsolie","anise oil",""
"aniseed","aniseed","anijszaad","anise","anijs"
"anchovy","anchovy","ansjovis","anchovies",""
"apple","apple","appel","apples","appelen|appels"
"apple-cider-vinegar","apple cider vinegar","appelazijn","cider vinegar|apple vinegar","ciderazijn"
"apple-sauce","apple sauce","appelmoes","applesauce",""
"apple-juice","apple juice","appelsap","apple juice made from fresh apples",""
"apple-syrup","apple syrup","appelstroop","",""
"argan-oil","argan oil","Arganolie","",""
"aromatic-leaf","aromatic leaf","aromatisch blad","",""
"artichoke","artichoke","artisjok","",""
"asafoetida","asafoetida","asafoetida","hing","duivelsdrek"
"asparagus","asparagus","asperge","asparagus spears","asperges"
"aubergine","aubergine","aubergine","eggplant",""
"gherkin","gherkin","augurk","pickle|pickles","augurken"
"avocado","avocado","avocado","",""
"avocado-oil","avocado oil","avocado-olie","","avocado olie"
"vinegar","vinegar","azijn","",""
"perch","perch","baars","",""
"baking-powder","baking powder","bakpoeder","",""
"frying-oil","frying oil","bakvet","",""
"balsamic-vinegar","balsamic vinegar","balsamico","","balsamicoazijn|balsamico-azijn"
"bamboo","bamboo","Bamboe","",""
"banana","banana","banaan","","bananen"
"basil","basil","basilicum","",""
"basmati-rice","basmati rice","basmatirijst","basmati",""
"bechamel-sauce","bechamel sauce","Bechamelsaus","","bechamel"
"mountain-honey","mountain honey","berghoning","",""
"borage","borage","bernagie","",""
"berries","berries","bessen","berry",""
"beer","beer","Bier","",""
"chives","chives","bieslook","chive",""
"beetroot","beetroot","biet","beet|beet root","bieten"
"organic-honey","organic honey","biologische honing","",""
"bitter-almond","bitter almond","bittere amandel","","bittere amandelen"
"puff-pastry","puff pastry","bladerdeeg","",""
"leaf-vegetable","leaf vegetable","bladgroente","leafy vegetable",""
"blue-cheese","blue cheese","blauwaderkaas","gorgonzola|roquefort","gorgonzola|roquefort|Blauwschimmelkaas|Blauwe kaas"
"blueberry","blueberry","blauwe bes","blueberries","bosbes|bosbessen"
"blue-whiting","blue whiting","Blauwe wijting","Micromesistius poutassou","Micromesistius poutassou"
"celery","celery","bleekselderij","stalk celery","selderij"
"flower-honey","flower honey","bloemenhoning","","bloemen-honing"
"cauliflower","cauliflower","bloemkool","",""
"blonde-sugar","blonde sugar","blonde suiker","",""
"buckwheat","buckwheat","boekweit","",""
"kale","kale","boerenkool","curly cale|curly kale",""
"bogue","bogue","bokvis","",""
"beans","beans","Bonen","common bean|bean|Rajma|Rajmah",""
"summer-savory","summer savory","bonenkruid","savory",""
"tree-nut","tree nut","boomnoten","treenuts|tree nuts",""
"borlotti-bean","borlotti bean","borlotti bonen","borlotti|cranberry bean",""
"forest-honey","forest honey","boshoning","",""
"flounder","flounder","Bot","",""
"butter","butter","boter","","roomboter"
"stock","stock","bouillon","broth",""
"stock-cube","stock cube","bouillonblokje","bouillon cube",""
"fresh-sausage","fresh sausage","braadworst","frying sausage",""
"blackberry","blackberry","braam","",""
"spirit-vinegar","spirit vinegar","brandewijnazijn","",""
"nettle","nettle","brandnetel","stinging nettle|perrenial nettle",""
"common-bream","common bream","Brasem","",""
"brie","brie","brie","",""
"broccoli","broccoli","broccoli","broccoli cuts",""
"bread","bread","brood","",""
"breadfruit","breadfruit","broodvrucht","",""
"brown-beans","brown beans","bruine bonen","",""
"brown-sugar","brown sugar","bruine suiker","muscovado|muscovado sugar","basterdsuiker"
"buffalo-milk","buffalo milk","buffelmelk","buffalo's milk",""
"bulgur","bulgur","bulgur","bulghur",""
"cocoa-butter","cocoa butter","cacaoboter","cacao butter|cocoa fat",""
"cocoa","cocoa","cacaopoeder","cocoa powder|cacao","cacao"
"camembert","camembert","camembert","",""
"canola-oil","canola oil","canola olie","","canolaolie"
"caramel-sauce","caramel sauce","caramelsaus","","karamelsaus"
"carnaroli-rice","carnaroli rice","Carnarolirijst","",""
"cashew-apples","cashew apples","cashewappelen","",""
"cashew-nuts","cashew nuts","cashewnoot","cashews|cashew|cashewnut|cashew nut","cashewnoten|cashew"
"cayenne-pepper","cayenne pepper","cayennepeper","cayenne",""
"champignon","button mushroom","champignon","white mushroom|mushroom|champignon|button mushrooms|cultivated mushrooms|cup mushroom","champignons|Parijse champignons"
"cheddar","cheddar","cheddar","cheddar cheese|Cheddar cheese from cow's milk","cheddarkaas"
"cherry-tomato","cherry tomato","cherrytomaat","cherry tomatoes","cherry tomaat"
"chia-oil","chia oil","chia-olie","chia seed oil",""
"chia-seed","chia seed","chiazaad","chia seeds|chia","chia"
"chili-powder","chili powder","chilipoeder","chilli powder",""
"chinese-cabbage","Chinese cabbage","Chinese kool","napa cabbage",""
"chocolate","chocolate","chocola","","chocolade"
"chorizo","chorizo","chorizo","chorizos","chorizos"
"cider","cider","cider","","appelcider"
"lemon","lemon","citroen","",""
"lemon-leaf","lemon leaf","citroenblad","lemon leaves",""
"lemongrass","lemongrass","citroengras","lemon grass","sereh"
"lemon-balm","lemon balm","citroenmelisse","","melisse|citroen melisse"
"lemon-oil","lemon oil","Citroenolie","",""
"lemon-juice","lemon juice","citroensap","",""
"citrus-fruit","citrus fruit","citrusvrucht","citrus","citrusvruchten|citrus"
"clementine","clementine","clementine","clementines|clementins",""
"courgette","courgette","courgette","zucchini","zucchini"
"couscous","Couscous","couscous","cous cous",""
"creme-fraiche","creme fraiche","crÃ¨me fraÃ®che","crÃ¨me fraÃ®che","creme fraiche"
"cranberry","cranberry","cranberry","cranberries","veenbes|veenbessen|cranberry's"
"cream-sauce","cream sauce","crèmesaus","",""
"date","date","dadel","dates","dadels"
"animal-fat","animal fat","dierlijk vet","",""
"dijon-mustard","dijon mustard","dijonmosterd","",""
"soured-milk","soured milk","Dikmelk","cultured milk|fermented milk","Hangop|gefermenteerde melk"
"dill","dill","dille","",""
"durian","durian","doerian","",""
"tarragon","tarragon","dragon","",""
"grape","grape","druif","vine fruit|mixed vine fruit","druiven"
"grape-juice","grape juice","druivensap","raisin juice","druivesap"
"edam","edam","edam","edam cheese|Edam cheese from cow's milk","edammer|Edammer kaas"
"edamame","edamame","edamame","",""
"duck","duck","eend","",""
"duck-egg","duck egg","eendenei","",""
"duck-fat","duck fat","eendenvet","",""
"duck-meat","duck meat","Eendenvlees","",""
"egg","egg","ei","eggs","eieren"
"egg-white","egg white","ei-eiwit","egg albumen|egg albumin","albumine"
"egg-pasta","egg pasta","eierpasta","",""
"egg-powder","egg powder","eipoeder","powdered egg","ei-poeder"
"egg-protein","egg protein","ei-proteine","",""
"emmental","emmental","emmentaler","emmentaler",""
"pea","pea","erwt","peas|garden pea","erwten|doperwt|doperwten"
"pea-flour","pea flour","erwtenmeel","",""
"fenugreek","fenugreek","fenegriek","",""
"fenugreek-seed","fenugreek seed","fenegriekzaad","fenugreek seeds",""
"feta","feta","feta","",""
"phyllo","phyllo","filodeeg","filo pastry",""
"mace","mace","foelie","",""
"trout","trout","forel","",""
"raspberry","raspberry","framboos","raspberries","frambozen"
"raspberry-leaf","raspberry leaf","frambozenblad","raspberry Leaves","frambozenbladeren"
"fruit-puree","fruit purée","fruitpuree","",""
"fusilli","fusilli","fusilli","",""
"galangal","galangal","galanga","","laos|galangawortel"
"goose","goose","gans","","ganzen"
"goose-fat","goose fat","ganzenvet","",""
"shrimp","shrimp","garnaal","prawn","garnalen"
"roasted-coffee","roasted coffee","gebrande koffie","",""
"dried-fruit","dried fruit","gedroogd fruit","dried fruits",""
"pulse","pulse","gedroogde peulvruchten","pulses",""
"minced-meat","minced meat","gehakt","ground meat",""
"meatball","meatball","gehaktbal","meatballs",""
"goat-cheese","goat cheese","geitenkaas","chèvre cheese",""
"goat-milk","goat milk","geitenmelk","goat's milk|goats milk|goats' milk",""
"goat-meat","goat meat","geitenvlees","","geitevlees"
"iodised-salt","iodised salt","gejodeerd zout","iodized salt",""
"churned-butter","churned butter","gekarnde boter","",""
"boiled-egg","boiled egg","gekookt ei","","gekookte eieren"
"cooked-pasta","cooked pasta","gekookte pasta","",""
"cooked-rice","cooked rice","gekookte rijst","",""
"gelatine","gelatine","gelatine","gelatin",""
"ground-coffee","ground coffee","gemalen koffie","",""
"ginger","ginger","gember","stem ginger|ginger root","gemberwortel"
"mixed-spices","mixed spices","gemengde specerijen","",""
"walnut-kernel","walnut kernel","Gepelde walnoot","walnuts shelled|Nntural shelled walnuts","walnootpitten"
"puffed-rice","puffed rice","gepofte rijst","crisped rice|rice crisps","rijst pofte"
"refined-salt","refined salt","geraffineerd zout","",""
"smoked-salt","Smoked salt","Gerookt zout","",""
"smoked-salmon","smoked salmon","gerookte zalm","",""
"roasted-peanut","roasted peanut","geroosterde pinda's","roasted peanuts","geroosterde pindanoten"
"barley","barley","gerst","",""
"barley-flour","barley flour","gerstemeel","",""
"striped-bass","striped bass","Gestreepte zeebaars","",""
"poultry-broth","poultry broth","gevogeltebouillon","",""
"poultry-liver","poultry liver","gevogeltelever","",""
"poultry-skin","poultry skin","gevogeltevel","",""
"ghee","ghee","ghee","","ghi"
"millet","millet","gierst","",""
"yeast","yeast","gist","","gisten"
"gouda","gouda","gouda","","Goudse kaas"
"marigold","marigold","Goudsbloem","",""
"cereal-flakes","cereal flakes","graanvlokken","",""
"grana-padano","Grana Padano","Grana Padano","Grana Padano cheese|Grana Padano cheese from cow's milk|cheese grana padano","Grana Padano kaas"
"pomegranate","pomegranate","granaatappel","",""
"cereal-flour","cereal flour","granenmeel","",""
"grapefruit","grapefruit","grapefruit","",""
"green-tea","green tea","groene thee","",""
"green-tomato","green tomato","groene tomaat","",""
"vegetable-stock","vegetable stock","groentebouillon","vegetable broth",""
"large-eggs","large eggs","grote eieren","",""
"gruyere","gruyere","gruyÃ¨re","gruyÃ¨re",""
"guar-flour","guar flour","guarpitmeel","",""
"guava","guava","guava","guavas",""
"half-om-half-mince","half and half mince","half-om-half gehakt","mixed mince","half om half gehakt"
"halloumi","halloumi","halloumi","halloumi cheese",""
"ham","ham","ham","pork ham",""
"hard-cheese","hard cheese","harde kaas","",""
"herring","herring","haring","",""
"harissa","harissa","harissa","",""
"havarti","Havarti","Havarti","Havarti cheeses",""
"oat-flour","oat flour","havermeel","oatflour",""
"oat-milk","oat milk","havermelk","",""
"oats","oats","havermout","oat","haver|havervlokken"
"hazelnut","hazelnut","hazelnoot","hazelnuts|filbert","hazelnoten"
"hazelnut-paste","hazelnut paste","hazelnootpasta","",""
"hazelnut-oil","hazelnut oil","hazelnotenolie","","hazelnootolie"
"hake","hake","heek","",""
"whole-egg","whole egg","hele eieren","whole eggs","geheel eieren"
"hemp","hemp","hennep","",""
"hemp-seed","hemp seed","hennepzaad","",""
"venison","venison","hertevlees","deer meat",""
"grenadier","grenadier","Hoki","",""
"hummus","hummus","hummus","houmous",""
"iceberg-lettuce","iceberg lettuce","ijsbergsla","",""
"verbena","verbena","ijzerhard","vervain","verbena"
"squid","squid","inktvis","calamari","calamari"
"jam","jam","jam","preserve","confituur"
"juniper-berry","juniper berry","jeneverbes","",""
"yogurt","yogurt","Joghurt","yoghurt|yogourt|yoghourt","yoghurt|jogurt"
"wood-ear","wood ear","judasoor","Jew's ear|black fungus|Auricularia auricula-judea|Auricularia Auricula Judea","judasoren|Auricularia auricula-judea|Auricularia Auricula Judea"
"cheese","cheese","kaas","",""
"cheese-sauce","cheese sauce","kaassaus","",""
"cod","cod","kabeljauw","codfish",""
"calf-fat","calf fat","kalfsvet","",""
"veal","veal","kalfsvlees","veal meat","kalf"
"potassium-salt","potassium salt","kaliumzout","potassium chloride","kaliumchloride"
"turkey","turkey","kalkoen","",""
"turkey-breast","turkey breast","Kalkoenfilet","turkey fillet|turkey breast meat",""
"turkey-skin","turkey skin","kalkoenvel","",""
"camomile","camomile","kamille","chamomile",""
"khorasan-wheat","khorasan wheat","kamut","kamut",""
"candy-sugar","candy sugar","kandijsuiker","rock candy|crystal candy",""
"cinnamon","cinnamon","kaneel","",""
"caper","caper","kappertjes","capers","kappertje"
"kapucijners","marrowfat peas","kapucijners","",""
"cardamom","cardamom","kardemom","cardamon|Elaichi","cardamon|kardemon|kardamom|cardemon"
"cardamom-seed","cardamom seed","kardemomzaden","cardamom seeds","hele kardemomzaden"
"cardoon","cardoon","kardoen","artichoke thistle|cardoons",""
"buttermilk","buttermilk","karnemelk","sweet cream buttermilk",""
"carp","carp","karper","",""
"caraway","caraway","karwij","",""
"chestnut","chestnut","kastanje","chestnuts|chesnut|chesnuts","kastanjes"
"chestnut-mushroom","chestnut mushroom","kastanjechampignon","cremini|chestnut mushrooms",""
"chestnut-flour","chestnut flour","kastanjemeel","",""
"kefir","kefir","Kefir","kephir",""
"curry","curry","kerrie","curry powder","curry"
"cherry","cherry","kers","cherries","kersen"
"cherry-juice","cherry juice","kersensap","",""
"chervil","chervil","kervel","",""
"ketchup","ketchup","ketchup","","tomatenketchup"
"ketjap-manis","kecap manis","ketjap","sweet soy sauce|ketjap","ketjap manis"
"kidney-bean","kidney bean","kidneybonen","red kidney bean|red kidney beans","rode kidneybonen"
"chickpea","chickpea","kikkererwt","chickpeas|garbanzo|garbanzo beans|chick pea|chick peas|Split Bengal gram|Chana dal","kikkererwten"
"chickpea-flour","chickpea flour","kikkererwtenmeel","chick pea flour|gram flour|garbanzo bean flour|besan","besan|gram-meel"
"chicken","chicken","kippen","chickens","kip"
"chicken-breast","chicken breast","kippenborst","chicken breast meat",""
"chicken-broth","chicken broth","kippenbouillon","chicken stock",""
"chicken-drumstick","chicken drumstick","kippenbout","",""
"chicken-thigh","chicken thigh","kippendij","",""
"chicken-skin","chicken skin","kippenvel","",""
"chicken-fat","chicken fat","kippenvet","",""
"kiwifruit","kiwifruit","kiwi","kiwi|kiwi fruit|Chinese gooseberry",""
"clover-honey","clover honey","klaverhoning","",""
"garlic","garlic","knoflook","garlic bulb|garlic clove",""
"garlic-powder","garlic powder","knoflookpoeder","",""
"garlic-sausage","Garlic sausage","knoflookworst","",""
"tuber","tuber","knolgroente","tubers|tuber vegetable",""
"celeriac","celeriac","knolselderij","celery root",""
"cow's-milk","cow's milk","koemelk","cows' milk|cow milk",""
"coffee","coffee","koffie","",""
"organic-coffee","organic coffee","koffie van biologische oorsprong","",""
"coffee-beans","coffee beans","koffiebonen","",""
"coffee-cream","coffee cream","koffieroom","",""
"coconut-sugar","coconut sugar","kokosbloesemsuiker","coconut palm sugar","kokossuiker"
"coconut-cream","coconut cream","kokoscreme","",""
"coconut-milk","coconut milk","kokosmelk","","kokosnootmelk|kokosroom"
"coconut","coconut","kokosnoot","","kokos"
"coconut-water","coconut water","kokosnootwater","coconut juice","kokoswater"
"coconut-oil","coconut oil","kokosolie","copra oil|copra|coconut vegetable oil",""
"coconut-paste","coconut paste","kokospuree","",""
"desiccated-coconut","desiccated coconut","kokosrasp","shredded coconut",""
"coconut-flakes","coconut flakes","Kokosschilfers","",""
"coconut-fat","coconut fat","kokosvet","",""
"cumin","cumin","komijn","",""
"cucumber","cucumber","komkommer","cucumbers","komkommers|snackkomkommers"
"rabbit","rabbit","konijn","",""
"rabbit-meat","rabbit meat","konijnenvlees","",""
"cabbage","cabbage","kool","",""
"swede","swede","koolraap","rutabaga",""
"kohlrabi","kohlrabi","koolrabi","",""
"saithe","saithe","koolvis","pollock",""
"rapeseed","Rapeseed","koolzaad","rape|oilseed rape|rape seed",""
"colza-oil","colza oil","koolzaadolie","","plantaardige koolzaadolie"
"cornflower","cornflower","korenbloem","",""
"coriander","coriander","koriander","","Ketoembar"
"coriander-leaf","coriander leaf","korianderblad","coriander leaves|cilantro","korianderblaadjes|koriander blaadjes"
"coriander-seed","coriander seed","korianderzaad","",""
"crab","crab","krab","",""
"lobster","lobster","kreeft","",""
"new-potato","new potato","krieltjes","baby potato","krieltje"
"kroepoek","prawn cracker","kroepoek","shrimp cracker",""
"clove","clove","kruidnagel","","kruidnagels"
"shortcrust-pastry","shortcrust pastry","kruimeldeeg","",""
"kumquat","kumquat","kumquat","kumquats",""
"turmeric","turmeric","kurkuma","","geelwortel|curcuma"
"burbot","burbot","kwabaal","",""
"quark","Quark","kwark","","plattekaas"
"quail","quail","kwartel","","kwartels"
"quail-eggs","Quail eggs","kwartelei","Quail egg","kwarteleieren"
"quince","quince","Kweepeer","quinces","kweeperen"
"lamb","lamb","lam","",""
"lamb-meat","lamb meat","lamsvlees","",""
"lasagne","lasagne","lasagne","lasagna|lasagna pasta",""
"lasagne-sheet","lasagne sheet","lasagnebladen","lasagna sheet|lasagne sheets","lasagneblad"
"bay-leaf","bay leaf","laurierblad","bay leaves|bay|laurel","laurier"
"lavander-honey","lavander honey","Lavandelhoning","","Lavendelhoningen"
"lovage","lovage","lavas","",""
"lavender","lavender","lavendel","",""
"spring-onion","spring onion","lente-ui","green onion|scallion","bosui"
"light-cream","light cream","Lichte room","",""
"sweet-woodruff","sweet woodruff","lievevrouwebedstro","woodruff",""
"linseed","linseed","lijnzaad","flax seed",""
"linseed-oil","linseed oil","lijnzaadolie","flaxseed oil",""
"lima-bean","lima bean","limaboon","lima beans|butter bean","Indische maanboon|wilgenbladboon|olifantsboon"
"lime","lime","limoen","","lime"
"lime-oil","lime oil","Limoen olie","",""
"lime-leaf","lime leaf","limoenblaadjes","lime leaves","limoenblad"
"linden-honey","linden honey","Lindebloesemhoning","",""
"lentils","lentils","linzen","lentil|Masoor dal|Masur dal","linze"
"capelin","capelin","lodde","caplin",""
"lupin-bean","lupin bean","lupine","lupine bean|lupin|lupines|lupine|sweet lupin|lupini|lupini beans",""
"lupin-flour","lupin flour","lupinemeel","lupine flour",""
"lychee","lychee","lychee","Litchi|Litchis","Lychees"
"poppy-seed","poppy seed","maanzaad","",""
"maasdam","maasdam","maasdammer","maasdam cheese","Maasdammer kaas"
"macadamia-nut","macadamia nut","macadamianoot","macadamia|Queensland nuts","macadamia|macadamianoten"
"macaroni","macaroni","macaroni","",""
"skimmed-milk","skimmed milk","Magere melk","skim milk|non-fat milk|nonfat milk|fat-free milk|low-fat milk|1% fat milk|lowfat milk","Taptemelk|ondermelk|afgeroomde melk|vetvrije melk"
"corn","corn","maïs","maize|corn cereal",""
"corn-vinegar","corn vinegar","maisazijn","",""
"corn-oil","corn oil","Maïskiemolie","maize oil","Maïsolie"
"corn-flour","corn flour","maïsmeel","maize flour",""
"cornflour","cornflour","maizena","corn starch|cornstarch","maÃ¯zena|maiszetmeel"
"mackerel","mackerel","makreel","",""
"kaffir-lime","makrut lime","makrut limoen","kaffir lime",""
"mandarin","mandarin","mandarijn","tangerine|mandarine|mandarin orange","mandarijnen"
"tangerine-oil","tangerine oil","mandarijnolie","",""
"mango","mango","mango","mangoes",""
"cassava","cassava","maniok","cassava root|manioc|manioc root|yuca|yuca root","cassave"
"cassava-flour","cassava flour","maniokmeel","",""
"margarine","margarine","margarine","",""
"marjoram","marjoram","marjolein","","majoraan"
"bigeye-scad","bigeye scad","Marsbanker","",""
"mascarpone","mascarpone","mascarpone","Mascarpone Cheese",""
"mayonnaise","mayonnaise","mayonaise","",""
"flour","flour","meel","","bloem"
"turnip","turnip","meiraap","turnips","knolraap"
"molasses","molasses","melasse","black treacle","molasse"
"milk","milk","melk","milk ingredients","melkbestanddelen"
"milk-chocolate","milk chocolate","Melkchocola","Milk chocolate bar","melkchocolade"
"milk-powder","milk powder","melkpoeder","powdered milk|dry milk",""
"milkfat","milkfat","melkvet","milk fat",""
"milkcap","milkcap","melkzwam","",""
"melon","melon","meloen","",""
"horseradish","horseradish","mierikswortel","",""
"mirabelle-plum","mirabelle plum","Mirabelle","",""
"mirin","mirin","mirin","mirin sauce|mirin wine",""
"miso","miso","miso","miso paste",""
"morel","morel","Morielje","morels",""
"mussel","mussel","mossel","mussels","mosselen"
"mustard","mustard","mosterd","",""
"mustard-powder","mustard powder","mosterdpoeder","mustard flour","mosterdmeel"
"mustard-seed","mustard seed","mosterdzaad","","mosterdzaden"
"malt","malt","mout","",""
"malt-vinegar","malt vinegar","Moutazijn","",""
"mozzarella","mozzarella","mozzarella","mozzarella cheese|mozzarella soft cheese","mozzarella kaas"
"mung-bean","mung bean","mungboon","mungbean|Mung dal|Moong dal",""
"munster","Munster","Munster","Munster cheeses|Munster cheese from cow's milk",""
"mint","mint","munt","Pudina","muntblad|zacht muntblad"
"naan","naan","naan","",""
"baking-soda","baking soda","natriumbicarbonaat","sodium bicarbonate|bicarbonate of soda","baking soda"
"sodium-iodide","sodium iodide","Natriumjodide","",""
"nectarine","nectarine","nectarine","","naakte perzik|nectarijn"
"nescafe-coffee","nescafe coffee","Nescafe koffie","",""
"noodle","noodle","noedels","noodles",""
"nutmeg","nutmeg","nootmuskaat","",""
"nori","nori","nori","",""
"nuoc-mam","nuoc-mam","nuoc mam-saus","nước mắm","nuoc mam"
"oyster-sauce","oyster sauce","oestersaus","",""
"oyster-mushroom","oyster mushroom","oesterzwam","",""
"okra","okra","okra","",""
"oil","oil","olie","cooking oil","oliën"
"olive-oil","olive oil","olijfolie","",""
"olive","olive","olijven","olives","olijf"
"instant-coffee","instant coffee","oploskoffie","soluble coffee","instantkoffie|instant koffie"
"oregano","oregano","oregano","",""
"dandelion","dandelion","paardenbloem","common dandelion|dandelion leaf|dandelion leaves",""
"horse-meat","horse meat","paardenvlees","",""
"mushroom","edible fungi","paddenstoel","","paddestoel|paddestoelen|zwam"
"pak-choi","pak choi","paksoi","bok choy|paksoi","pak choi|bok choy"
"palm-oil","palm oil","palmolie","palmoil|sustainable palm fruit oil|palm vegetable oil|vegetable palm oil","palm olie"
"pancetta","pancetta","pancetta","",""
"paneer","paneer","paneer","",""
"breadcrumb","breadcrumb","paneermeel","breadcrumbs",""
"panko","panko","panko","panko breadcrumbs",""
"papaya","papaya","papaja","papaw|pawpaw","papaya"
"bell-pepper","bell pepper","paprika (vrucht)","sweet pepper","puntpaprika"
"paprika-spice","paprika","paprikapoeder","ground paprika","paprika"
"brazil-nut","brazil nut","paranoot","brazil nuts","paranoten"
"parboiled-rice","parboiled rice","parboiled rijst","","voorgekookte rijst"
"nib-sugar","nib sugar","parelsuiker","pearl sugar","hagelsuiker"
"prosciutto","prosciutto","parmaham","parma ham","prosciutto"
"parmesan","parmesan","parmezaan","parmigiano reggiano","parmigiano"
"passata","passata","passata","tomato passata",""
"passion-fruit","passion fruit","passievrucht","passionfruit","maracuja|markieza|passievruchten"
"pasta","pasta","pasta","","deegwaren"
"parsnip","parsnip","pastinaak","",""
"pecan-nut","pecan nut","pecannoot","pecan nuts|pecan|pecans","pecannoten"
"pecorino","pecorino","pecorino","pecorino romano",""
"pear","pear","peer","pears","peren"
"penne","penne","penne","penne pasta",""
"pepper","pepper","peper","",""
"chili-pepper","chili pepper","pepers","chilli pepper|chilli|chillies|chile|chile pepper","peperoni|chilipeper|chili|chilipepers|chilies"
"pear-juice","pear juice","perensap","",""
"peach","peach","perziken","peaches","perzik"
"pesto","pesto","pesto","",""
"parsley","parsley","peterselie","",""
"parsley-root","parsley root","peterseliewortel","",""
"legume","legume","peulvruchten","","peulvrucht"
"pine-nut","pine nut","pijnboompit","pine nuts|pinenuts|pine nut kernels","pijnboompitten"
"peanut","peanut","pinda","peanuts","pinda's|aardnoot|aardnoten|pindanoten|pindas|vliespinda's"
"peanut-flour","peanut flour","pinda bloem","","pindameel"
"pindakaas","peanut butter","pindakaas","",""
"shelled-peanut","shelled peanut","Pinda's in de dop","shelled peanuts",""
"pistachio-nuts","pistachio nuts","pistachenoten","pistachio|American Pistachios","pistache|pistaches"
"pita","pita","pita","pitta","pitabroodje"
"glutinous-rice","glutinous rice","plakrijst","","kleverige rijst|kleefrijst|ketan rijst|ketanrijst"
"vegetable-oil","vegetable oil","plantaardige olie","vegetal oil|vegetal oils|vegetable oils|plant oils","Spijsolie|plantaardige olien"
"icing-sugar","icing sugar","poedersuiker","powdered sugar","glazuursuiker|bloemsuiker"
"polenta","polenta","polenta","",""
"pomelo","pomelo","pomelo","pummelo",""
"pumpkin","pumpkin","pompoen","",""
"pumpkin-seed","pumpkin seed","pompoenpit","seeds of squash","pompoenpitten"
"gurnard","Gurnard","Ponen","Red gurnard",""
"postelein","purslane","postelein","",""
"leek","leek","prei","",""
"runner-bean","runner bean","pronkboon","runner beans",""
"provolone","provolone","Provolone","provolone cheese",""
"plum","plum","pruim","","pruimen"
"dark-chocolate","dark chocolate","pure chocola","black chocolate|plain chocolate","pure chocolade"
"quinoa","quinoa","quinoa","","gierstmelde"
"quinoa-flour","quinoa flour","quinoameel","",""
"rapeseed-oil","rapeseed oil","raapolie","rapeseed fat|rapeseed oil and fat|rapeseed vegetable oil","raapzaad|raap|raapzaadolie|gedeeltelijk geharde raapzaadolie"
"raapstelen","turnip greens","raapstelen","",""
"rhubarb","rhubarb","rabarber","rhubarbs",""
"radish","radish","radijs","Radishes",""
"ras-el-hanout","ras el hanout","ras el hanout","",""
"crudites","crudités","rauwkost","",""
"red-leicester","red leicester","Red Leicester","red leicester cheese",""
"greengage","greengage","Reine Claude","",""
"lard","lard","reuzel","pork lard",""
"giant-squash","giant squash","reuzenpompoen","",""
"ricotta","ricotta","ricotta","ricotta cheese",""
"cane-sugar","cane sugar","rietsuiker","pure cane sugar|natural cane sugar","riet"
"rice","rice","rijst","",""
"rice-vinegar","rice vinegar","rijstazijn","rice wine vinegar",""
"rice-flour","rice flour","rijstebloem","riceflour","rijstbloem|rijstmeel|rijstemeel"
"rice-noodles","rice noodles","rijstnoedels","",""
"rice-bran","rice bran","rijstzemelen","",""
"red-bean","red bean","Rode bonen","red beans",""
"red-cabbage","red cabbage","rode kool","",""
"tub-gurnard","tub gurnard","rode poon","Surmullet|red mullet",""
"red-rice","red rice","rode rijst","",""
"red-onion","red onion","rode ui","",""
"red-fruit","red fruit","rode vruchten","red fruits",""
"red-wine","red wine","rode wijn","",""
"rye","rye","rogge","",""
"rye-flour","rye flour","roggemeel","","roggebloem|rogge-bloem"
"radicchio","radicchio","roodlof","",""
"rookworst","smoked sausage","rookworst","",""
"cream","cream","room","milk cream","melkroom|kookroom"
"roquefort","roquefort cheese","roquefort kaas","Roquefort cheese from ewe's milk",""
"rosemary","rosemary","rozemarijn","",""
"rose-hip","rose hip","Rozenbottel","rosehip|rosehips","rozebottel|rozenbottels"
"raisin","raisin","rozijn","raisins","rozijnen"
"rocket","rocket","rucola","arugula|rucola",""
"minced-beef","minced beef","rundergehakt","ground beef","gehakt rundvlees"
"meat-patty","meat patty","runderhamburger","",""
"beef-fat","beef fat","rundvet","","rundervet"
"beef","beef","rundvlees","beef meat|pure beef meat","rund"
"safflower-oil","safflower oil","saffloerolie","",""
"saffron","saffron","saffraan","",""
"salad","salad","salade","leafy greens|salad greens",""
"salami","salami","salami","",""
"sage","sage","salie","",""
"sambal","sambal","sambal","sambal oelek","sambal oelek"
"sambal-badjak","sambal badjak","sambal badjak","",""
"sardine","sardine","sardine","sardines|European pilchard",""
"citrus-unshiu","Citrus unshiu","Satsuma","",""
"crustacean","crustacean","schaaldieren","crustaceans","schaaldier"
"mutton","mutton","schaapsvlees","sheeps meat","schapenvlees"
"sheeps-milk","sheeps milk","schapenmelk","sheep milk|ewe's milk|sheep's milk",""
"barn-eggs","barn eggs","scharreleieren","","scharrelei|scharrel-ei|ei van scharreleieren"
"salsify","salsify","schorseneren","black salsify",""
"seitan","seitan","seitan","",""
"celery-leaves","celery leaves","selderblad","","bladselderij"
"sesame-oil","sesame oil","Sesamolie","sesame seed oil","sesam-olie"
"sesame","sesame","sesamzaad","sesame seed|sesame seeds","sesam|sesamzaadjes"
"shea-butter","shea butter","sheaboter","shea|shea fat","shea|sheavet"
"shiitake","shiitake","shiitake","shiitake mushrooms","zwarte paddestoel|Chinese champignons|chinese paddenstoel"
"orange","orange","sinaasappel","","sinaasappels"
"scallop","scallop","sint-jakobsschelp","","coquille"
"shallot","shallot","sjalot","shallots","sjalotten"
"lettuce","lettuce","sla","Lettuces",""
"double-cream","double cream","slagroom","heavy cream|whipping cream|whipped cream",""
"melted-cheese","melted cheese","smeltkaas","",""
"smetana","smetana","smetana","",""
"snijbiet","chard","snijbiet","Swiss chard|Chards|silver beet|seakale beet|leaf beet",""
"soya-flour","soya flour","sojabloem","soy flour|soybean meal","soja bloem|sojameel|sojapoeder|sojabonenmeel"
"soya-bean","soya bean","Sojaboon","soy beans|soya beans|soybean|soybeans","sojabonen"
"soy-milk","soy milk","sojamelk","soya milk",""
"soya-oil","soya oil","sojaolie","Soybean oil|soy oil|soyabean oil",""
"soy-sauce","soy sauce","sojasaus","soya sauce|Soy sauces","soja saus"
"bitter-melon","bitter melon","Sopropo","momordic|balsam pear|bitter gourd",""
"sorghum","sorghum","sorghum","",""
"sorghum-flour","sorghum flour","sorghummeel","",""
"spaghetti","spaghetti","spaghetti","",""
"spice","spice","specerijen","spices","specerij"
"spek","speck","spek","smoked bacon|bacon","rookspek|ontbijtspek|bacon"
"spelt","spelt","spelt","",""
"spelt-flour","spelt flour","speltmeel","spelt wheat flour","speltbloem|spelttarwemeel"
"green-bean","green bean","sperzieboon","green beans|French bean","sperziebonen|groene bonen|prinsessenboon|slaboon|prinsessenbonen"
"spinach","spinach","spinazie","","babyspinazie"
"pointed-cabbage","pointed cabbage","spitskool","hispi cabbage",""
"split-peas","split peas","spliterwten","split pea","spliterwt"
"european-sprat","European sprat","sprot","sprat",""
"brussels-sprout","brussels sprout","spruitjes","brussels sprouts","spruit"
"pouting","pouting","steenbolk","bib|pout",""
"rock-salt","rock salt","steenzout","","mineraalzout|dieetzout|zout dieetzout"
"welsh-onion","Welsh onion","stengelui","bunching onion|long green onion|Korean leek",""
"star-anise","star anise","steranijs","",""
"carambola","carambola","stervrucht","star fruit","carambola|sterfruit"
"baguette","baguette","stokbrood","french stick",""
"stroop","syrup","stroop","treacle",""
"sugar-snap-pea","sugar snap pea","sugar snaps","sugar snaps|mangetout","peultjes"
"sugar","sugar","suiker","","Tafelsuiker|diverse suikersoorten"
"sugar-beet","sugar beet","suikerbiet","",""
"beet-sugar","beet sugar","suikerbietsuiker","beetroot sugar","bietensuiker"
"sweetcorn","sweetcorn","suikermaïs","sweet corn|sweet corn in kernels","zoete maïs"
"sultana","sultana","sultana","sultanas|sultanina|Thompson Seedless|Lady de Coverly","sultanas"
"sumac","sumac","sumak","","sumac|zuurkruid"
"tabasco","tabasco","tabasco","tabasco sauce",""
"table-vinegar","table vinegar","tafelazijn","",""
"tagliatelle","tagliatelle","tagliatelle","",""
"tahini","tahini","tahini","tahina","tahin"
"tamari","tamari","tamari","tamari sauce|tamari soy sauce",""
"grouper","grouper","tandbaars","",""
"tapioca-flour","tapioca flour","tapiocameel","",""
"wheat","wheat","tarwe","",""
"wheat-flour","wheat flour","tarwemeel","wheatflour","tarwebloem|tarwe bloem"
"bean-sprouts","bean sprouts","tauge","","taugÃ©"
"teff-flour","teff flour","teffmeel","",""
"tempeh","tempeh","tempeh","",""
"thai-rice","Thai rice","thaise rijst","jasmine rice","jasmijnrijst"
"tea","tea","thee","",""
"thyme","thyme","tijm","","thijm"
"tofu","tofu","tofu","Tofus|bean curds","Tahoe"
"tomato","tomato","tomaat","tomatoes","tomaten"
"chopped-tomato","chopped tomatoes","tomatenblokjes","diced tomatoes",""
"tomato-puree","tomato purée","tomatenpurée","",""
"tomato-sauce","tomato sauce","tomatensaus","",""
"tuna","tuna","tonijn","",""
"tortilla","tortilla","tortilla","",""
"shrimp-paste","shrimp paste","trassi","trassi","terasi"
"truffle","truffle","truffel","",""
"broad-bean","broad bean","tuinboon","fava bean|faba bean|Vicia faba|horse bean|broadbean","tuinbonen"
"uht-cream","UHT cream","UHT room","",""
"onion","onion","ui","onions","uien|ajuin"
"onion-powder","onion powder","uienpoeder","",""
"vanilla","vanilla","vanille","",""
"vanilla-extract","vanilla extract","vanille-extract","","vanille extract"
"vanilla-pod","vanilla pod","vanillestokje","vanilla bean",""
"vanilla-sugar","vanilla sugar","vanillesuiker","",""
"pork-breast","pork breast","Varkens borst","",""
"pork-belly","pork belly","varkensbuik","pork bellies","buikspek"
"minced-pork","minced pork","varkensgehakt","",""
"pork-fillet","pork fillet","varkenshaas","pork tenderloin",""
"pork-tongue","pork tongue","varkenstong","",""
"pork-fat","pork fat","varkensvet","",""
"pork","pork","varkensvlees","swine|pork meat","varken"
"lambs-lettuce","lamb's lettuce","veldsla","corn salad|mache|common cornsalad|fetticus|nut lettuce|field salad|rapunzel|doucette|raiponce|Nusslisalat",""
"fennel","fennel","venkel","",""
"fennel-seed","fennel seed","venkelzaad","",""
"fresh-butter","fresh butter","verse boter","",""
"fresh-egg","fresh egg","verse eieren","fresh eggs",""
"fromage-blanc","fromage blanc","verse kaas","",""
"fresh-pasta","fresh pasta","verse pasta","",""
"fresh-cream","fresh cream","verse room","",""
"fat","fat","vet","fats",""
"poultry-fat","poultry fat","Vet van gevogelte","",""
"oily-fish","oily fish","vette vis","",""
"fig","fig","vijg","figs","vijgen"
"fish-sauce","fish sauce","vissaus","",""
"poultry-meat","poultry meat","Vlees van gevogelte","",""
"beef-stock","beef stock","vleesbouillon","beef broth",""
"liquid-honey","liquid honey","vloeibare honing","",""
"single-cream","single cream","vloeibare room","",""
"whole-milk","whole milk","volle melk","full cream milk",""
"whole-cream","whole cream","volle room","full cream",""
"spring-honey","spring honey","voorjaarshoning","",""
"fruit-juice","fruit juice","vruchtensap","","vruchtensappen"
"walnut","walnut","walnoot","walnuts","walnoten"
"walnut-oil","walnut oil","walnootolie","",""
"wasabi","wasabi","wasabi","",""
"water","water","Water","drinking water|tap water",""
"water-chestnut","water chestnut","waterkastanje","water chestnuts","waterkastanjes|Chinese waterkastanje"
"watercress","watercress","waterkers","",""
"watermelon","watermelon","watermeloen","",""
"mollusc","mollusc","weekdieren","molluscs|mollusks|mollusk",""
"wine-vinegar","wine vinegar","wijnazijn","",""
"whiting","whiting","wijting","merling",""
"wild-blueberry","wild blueberry","wilde bosbes","wild blueberries","wilde blauwe bosbessen|wilde bosbessen"
"wild-rice","wild rice","wilde rijst","",""
"endive","Belgian endive","witlof","witloof|chicory|Endives","witloof"
"white-beans","white beans","witte bonen","cannellini|navy beans|great northern beans|haricot beans",""
"white-cabbage","white cabbage","witte kool","",""
"white-pepper","white pepper","witte peper","",""
"white-rice","white rice","witte rijst","",""
"white-sugar","white sugar","witte suiker","",""
"white-fish","white fish","witte vis","",""
"white-wine","white wine","witte wijn","",""
"worcestershire-sauce","worcestershire sauce","worcestersaus","",""
"sausage","sausage","worst","",""
"carrot","carrot","wortel","","wortels|wortelen"
"root-vegetable","root vegetable","wortelgewas","",""
"carrot-juice","carrot juice","wortelsap","",""
"wrap","wrap","wrap","tortilla wrap",""
"zaatar","zaatar","zaatar","za'atar","za'atar"
"soft-cheese","soft cheese","zachte kaas","",""
"salmon","salmon","zalm","",""
"sea-bass","sea bass","zeebaars","",""
"seabream","seabream","zeebrasems","seabreams",""
"anglerfish","Anglerfish","Zeeduivel","angler fish|monkfish",""
"sea-kale","sea kale","zeekool","seakale|crambe",""
"sea-salt","sea salt","zeezout","bay salt|solar salt|natural sea salt|pure sea salt|mineral sea salt",""
"self-raising-flour","self-raising flour","zelfrijzend bakmeel","self rising flour",""
"blue-fenugreek","blue fenugreek","zevengetijdenklaver","",""
"brown-rice","brown rice","zilvervliesrijst","","bruine rijst"
"sweet-potato","sweet potato","zoete aardappel","","bataat"
"sun-dried-tomato","sun-dried tomato","zongedroogde tomaat","sun dried tomatoes","zongedroogde tomaten"
"sunflower-oil","sunflower oil","zonnebloemolie","sunflower seed oil|sunflower vegetable oil","plantaardige zonnebloemolie"
"sunflower-seed","sunflower seed","zonnebloempit","sunflower seeds|sunflower kernels","zonnebloempitten"
"salt","salt","zout","table salt|common salt|cooking salt|dry salt|edible salt|edible common salt|food salt","Keukenzout|bakkerszout|kookzout"
"saltwater-fish","saltwater fish","zoutwatervis","","zeevis"
"sour-cream","sour cream","Zure room","soured cream|grade a cultured cream|cultured cream",""
"bitter-orange","bitter orange","zure sinaasappel","Seville orange|Seville oranges",""
"sorrel","sorrel","zuring","common sorrel","veldzuring|zurkel"
"swordfish","swordfish","Zwaardvis","",""
"black-salt","black salt","zwart zout","",""
"blackcurrant","blackcurrant","zwarte bes","black currant",""
"black-bean","black bean","Zwarte bonen","black beans",""
"black-cumin","black cumin","zwarte komijn","black caraway|nigella|kalonji seeds","nigellazaad"
"black-pepper","black pepper","zwarte peper","",""
"black-tea","black tea","zwarte thee","",""
"swiss-cheese","Swiss cheese","Zwitserse kaas","",""
